type,product_internal_id,product_price,product_name,product_description,product_media_main_image_url,product_brand,product_category_1,product_category_2,product_media_gallery_image_url_1,product_variation_sku,product_variation_option_Color,product_variation_option_Size,product_option_name,product_option_value,product_option_type,product_option_is_required,product_media_gallery_image_url_2,product_media_gallery_image_url_3,product_media_gallery_image_url_4,product_media_gallery_image_url_5,product_media_gallery_image_url_6
product,951,23.1,Gerecycleerde toilettas met dubbel vak,100% polyester. Toilettas van 50% gerecycleerd polyester. Dubbel compartiment met ritssluitingen.  De klep met dubbele gesp biedt een mooie personalisatieruimte. 2 hengsels waarmee hij verticaal kan worden opgehangen.,https://media.europeancatalog.com/ws.php?act=download&mamfileid=266346&token=fEP6GP8lqVnvHdxFnIg93eaQ3FTQOo,Kimood,Tassen,Accessoires voor tassen,https://media.europeancatalog.com/ws.php?act=download&mamfileid=266346&token=fEP6GP8lqVnvHdxFnIg93eaQ3FTQOo,,,,,,,,,,,,
product_option,951,,,,,,,,,,,,Color,Black,RADIOBUTTONS,TRUE,,,,,
product_option,951,,,,,,,,,,,,Size,One Size,RADIOBUTTONS,TRUE,,,,,
product_variation,951,23.1,,,,,,,,KI0370_74153_74152,Black,One Size,,,,,,,,,
product,952,13.04,"Groot, gerecycleerd heuptasje met zijtasjes",100% polyester. Groot heuptasje van 50% gerecycleerd polyester. Hoofdvak met ritssluiting. Voorvak met ritssluiting voor eenvoudige personalisatie. Zijtasje met ritssluiting.,https://media.europeancatalog.com/ws.php?act=download&mamfileid=263342&token=fEP6GP8lqVnvHdxFnIg93eaQ3FTQOo,Kimood,Tassen,Accessoires voor tassen,https://media.europeancatalog.com/ws.php?act=download&mamfileid=263342&token=fEP6GP8lqVnvHdxFnIg93eaQ3FTQOo,,,,,,,,https://media.europeancatalog.com/ws.php?act=download&mamfileid=263340&token=fEP6GP8lqVnvHdxFnIg93eaQ3FTQOo,https://media.europeancatalog.com/ws.php?act=download&mamfileid=263341&token=fEP6GP8lqVnvHdxFnIg93eaQ3FTQOo,,,
product_option,952,,,,,,,,,,,,Color,Black,RADIOBUTTONS,TRUE,,,,,
product_option,952,,,,,,,,,,,,Size,One Size,RADIOBUTTONS,TRUE,,,,,
product_option,952,,,,,,,,,,,,Color,Navy,RADIOBUTTONS,TRUE,,,,,
product_variation,952,13.04,,,,,,,,KI0371_74155_74154,Black,One Size,,,,,,,,,
product_variation,952,13.04,,,,,,,,KI0371_74156_74154,Navy,,,,,,,,,,
product,953,20.66,Gerecycleerde koeltas met zak op de voorkant,100% polyester. Koeltas in 50% gerecycleerd polyester. 100% personaliseerbare zak aan de voorkant. Ritssluitingen met een lint waarop 'cooler bag' staat.,https://media.europeancatalog.com/ws.php?act=download&mamfileid=266345&token=fEP6GP8lqVnvHdxFnIg93eaQ3FTQOo,Kimood,Tassen,Tas,https://media.europeancatalog.com/ws.php?act=download&mamfileid=266345&token=fEP6GP8lqVnvHdxFnIg93eaQ3FTQOo,,,,,,,,,,,,
product_option,953,,,,,,,,,,,,Color,Tuscany Orange,RADIOBUTTONS,TRUE,,,,,
product_option,953,,,,,,,,,,,,Size,One Size,RADIOBUTTONS,TRUE,,,,,
product_option,953,,,,,,,,,,,,Color,Whale Blue,RADIOBUTTONS,TRUE,,,,,
product_variation,953,20.66,,,,,,,,KI0372_74158_74157,Tuscany Orange,One Size,,,,,,,,,
product_variation,953,20.66,,,,,,,,KI0372_74159_74157,Whale Blue,,,,,,,,,,
product,954,36.44,Gerecycleerde koelrugzak met zak op de voorkant,100% polyester. Isotherme rugzak in 50% gerecycleerd polyester. Opent bovenaan aan drie kanten. 100% personaliseerbare zak aan de voorkant. Ritssluitingen met een lint waarop 'cooler bag' staat.,https://media.europeancatalog.com/ws.php?act=download&mamfileid=266344&token=fEP6GP8lqVnvHdxFnIg93eaQ3FTQOo,Kimood,Tassen,Tas,https://media.europeancatalog.com/ws.php?act=download&mamfileid=266344&token=fEP6GP8lqVnvHdxFnIg93eaQ3FTQOo,,,,,,,,,,,,
product_option,954,,,,,,,,,,,,Color,Dark Cool Grey,RADIOBUTTONS,TRUE,,,,,
product_option,954,,,,,,,,,,,,Size,One Size,RADIOBUTTONS,TRUE,,,,,
product_option,954,,,,,,,,,,,,Color,Whale Blue,RADIOBUTTONS,TRUE,,,,,
product_variation,954,36.44,,,,,,,,KI0373_77117_77116,Dark Cool Grey,One Size,,,,,,,,,
product_variation,954,36.44,,,,,,,,KI0373_77118_77116,Whale Blue,,,,,,,,,,
product,955,9.54,Gerecycleerd klassiek heuptasje,"100% polyester. Klassiek heuptasje in 50% gerecycleerd polyester. Eén vak aan de voorkant, 100% personaliseerbaar.",https://media.europeancatalog.com/ws.php?act=download&mamfileid=277821&token=fEP6GP8lqVnvHdxFnIg93eaQ3FTQOo,Kimood,Tassen,Accessoires voor tassen,https://media.europeancatalog.com/ws.php?act=download&mamfileid=277821&token=fEP6GP8lqVnvHdxFnIg93eaQ3FTQOo,,,,,,,,https://media.europeancatalog.com/ws.php?act=download&mamfileid=277820&token=fEP6GP8lqVnvHdxFnIg93eaQ3FTQOo,https://media.europeancatalog.com/ws.php?act=download&mamfileid=266343&token=fEP6GP8lqVnvHdxFnIg93eaQ3FTQOo,,,
product_option,955,,,,,,,,,,,,Color,Black,RADIOBUTTONS,TRUE,,,,,
product_option,955,,,,,,,,,,,,Size,One Size,RADIOBUTTONS,TRUE,,,,,
product_option,955,,,,,,,,,,,,Color,Cypress Green,RADIOBUTTONS,TRUE,,,,,
product_option,955,,,,,,,,,,,,Color,Dazzling Blue / White,RADIOBUTTONS,TRUE,,,,,
product_option,955,,,,,,,,,,,,Color,Flamingo Pink,RADIOBUTTONS,TRUE,,,,,
product_option,955,,,,,,,,,,,,Color,Green Clay,RADIOBUTTONS,TRUE,,,,,
product_option,955,,,,,,,,,,,,Color,Insignia Blue,RADIOBUTTONS,TRUE,,,,,
product_option,955,,,,,,,,,,,,Color,Light Camel,RADIOBUTTONS,TRUE,,,,,
product_option,955,,,,,,,,,,,,Color,Orange Zest / Plum Purple,RADIOBUTTONS,TRUE,,,,,
product_option,955,,,,,,,,,,,,Color,Red Safran,RADIOBUTTONS,TRUE,,,,,
product_option,955,,,,,,,,,,,,Color,Soil Grey,RADIOBUTTONS,TRUE,,,,,
product_variation,955,9.54,,,,,,,,KI0374_74161_74160,Black,One Size,,,,,,,,,
product_variation,955,9.54,,,,,,,,KI0374_74162_74160,Cypress Green,,,,,,,,,,
product_variation,955,9.54,,,,,,,,KI0374_74163_74160,Dazzling Blue / White,,,,,,,,,,
product_variation,955,9.54,,,,,,,,KI0374_74164_74160,Flamingo Pink,,,,,,,,,,
product_variation,955,9.54,,,,,,,,KI0374_74165_74160,Green Clay,,,,,,,,,,
product_variation,955,9.54,,,,,,,,KI0374_74166_74160,Insignia Blue,,,,,,,,,,
product_variation,955,9.54,,,,,,,,KI0374_74167_74160,Light Camel,,,,,,,,,,
product_variation,955,9.54,,,,,,,,KI0374_74168_74160,Orange Zest / Plum Purple,,,,,,,,,,
product_variation,955,9.54,,,,,,,,KI0374_74169_74160,Red Safran,,,,,,,,,,
product_variation,955,9.54,,,,,,,,KI0374_74170_74160,Soil Grey,,,,,,,,,,
product,956,30.1,Gerecycleerde laptoptas,"100% polyester.  Werktas in 60% gerecycleerd polyester. Dubbele zak met ritssluiting vooraan, voor eenvoudige personalisatie. Gewatteerd hoofdvak voor laptop tot 15 inch. Achterlipje om de tas in de handgreep van de rolkoffer te steken.",https://media.europeancatalog.com/ws.php?act=download&mamfileid=263337&token=fEP6GP8lqVnvHdxFnIg93eaQ3FTQOo,Kimood,Tassen,Tas,https://media.europeancatalog.com/ws.php?act=download&mamfileid=263337&token=fEP6GP8lqVnvHdxFnIg93eaQ3FTQOo,,,,,,,,https://media.europeancatalog.com/ws.php?act=download&mamfileid=263339&token=fEP6GP8lqVnvHdxFnIg93eaQ3FTQOo,https://media.europeancatalog.com/ws.php?act=download&mamfileid=263338&token=fEP6GP8lqVnvHdxFnIg93eaQ3FTQOo,,,
product_option,956,,,,,,,,,,,,Color,Black,RADIOBUTTONS,TRUE,,,,,
product_option,956,,,,,,,,,,,,Size,One Size,RADIOBUTTONS,TRUE,,,,,
product_option,956,,,,,,,,,,,,Color,Light Titanium,RADIOBUTTONS,TRUE,,,,,
product_variation,956,30.1,,,,,,,,KI0433_74187_74186,Black,One Size,,,,,,,,,
product_variation,956,30.1,,,,,,,,KI0433_74188_74186,Light Titanium,,,,,,,,,,
product,957,4.76,Koeltas met rolsluiting,100% katoen. Katoenen tas met oprolsluiting die hem een rechte en eenvoudig personaliseerbare vorm geeft. Verschillende afmetingen om in alle noden te voorzien.,https://media.europeancatalog.com/ws.php?act=download&mamfileid=266670&token=fEP6GP8lqVnvHdxFnIg93eaQ3FTQOo,Kimood,Tassen,Tas,https://media.europeancatalog.com/ws.php?act=download&mamfileid=266670&token=fEP6GP8lqVnvHdxFnIg93eaQ3FTQOo,,,,,,,,https://media.europeancatalog.com/ws.php?act=download&mamfileid=448326&token=fEP6GP8lqVnvHdxFnIg93eaQ3FTQOo,https://media.europeancatalog.com/ws.php?act=download&mamfileid=448325&token=fEP6GP8lqVnvHdxFnIg93eaQ3FTQOo,https://media.europeancatalog.com/ws.php?act=download&mamfileid=448324&token=fEP6GP8lqVnvHdxFnIg93eaQ3FTQOo,https://media.europeancatalog.com/ws.php?act=download&mamfileid=448328&token=fEP6GP8lqVnvHdxFnIg93eaQ3FTQOo,https://media.europeancatalog.com/ws.php?act=download&mamfileid=448327&token=fEP6GP8lqVnvHdxFnIg93eaQ3FTQOo
product_option,957,,,,,,,,,,,,Color,Natural / White,RADIOBUTTONS,TRUE,,,,,
product_option,957,,,,,,,,,,,,Size,S,RADIOBUTTONS,TRUE,,,,,
product_option,957,,,,,,,,,,,,Size,M,RADIOBUTTONS,TRUE,,,,,
product_option,957,,,,,,,,,,,,Size,L,RADIOBUTTONS,TRUE,,,,,
product_variation,957,4.76,,,,,,,,KI0376S_74177_74174,Natural / White,S,,,,,,,,,
product_variation,957,6.4,,,,,,,,KI0376M_74178_74175,Natural / White,M,,,,,,,,,
product_variation,957,8.1,,,,,,,,KI0376L_74179_74176,Natural / White,L,,,,,,,,,
product,958,21.3,Tas voor tablet en laptop,"100% katoen. Katoenen werktas. Gewatteerd vak voor tablet of laptop tot 15 inch. Op de voor- en achterzijde zit dezelfde zak met ritssluiting, voor eenvoudige personalisatie aan beide zijden. De handgrepen zijn gemaakt van hetzelfde materiaal als de tas zelf.",https://media.europeancatalog.com/ws.php?act=download&mamfileid=263298&token=fEP6GP8lqVnvHdxFnIg93eaQ3FTQOo,Kimood,Tassen,Tas,https://media.europeancatalog.com/ws.php?act=download&mamfileid=263298&token=fEP6GP8lqVnvHdxFnIg93eaQ3FTQOo,,,,,,,,https://media.europeancatalog.com/ws.php?act=download&mamfileid=263297&token=fEP6GP8lqVnvHdxFnIg93eaQ3FTQOo,https://media.europeancatalog.com/ws.php?act=download&mamfileid=277819&token=fEP6GP8lqVnvHdxFnIg93eaQ3FTQOo,https://media.europeancatalog.com/ws.php?act=download&mamfileid=308713&token=fEP6GP8lqVnvHdxFnIg93eaQ3FTQOo,https://media.europeancatalog.com/ws.php?act=download&mamfileid=331297&token=fEP6GP8lqVnvHdxFnIg93eaQ3FTQOo,
product_option,958,,,,,,,,,,,,Color,Black,RADIOBUTTONS,TRUE,,,,,
product_option,958,,,,,,,,,,,,Size,One Size,RADIOBUTTONS,TRUE,,,,,
product_option,958,,,,,,,,,,,,Color,Natural,RADIOBUTTONS,TRUE,,,,,
product_option,958,,,,,,,,,,,,Color,Navy,RADIOBUTTONS,TRUE,,,,,
product_option,958,,,,,,,,,,,,Color,Snow Grey,RADIOBUTTONS,TRUE,,,,,
product_variation,958,21.3,,,,,,,,KI0434_74191_74189,Black,One Size,,,,,,,,,
product_variation,958,17.14,,,,,,,,KI0434N_74192_74190,Natural,,,,,,,,,,
product_variation,958,21.3,,,,,,,,KI0434_74193_74189,Navy,,,,,,,,,,
product_variation,958,21.3,,,,,,,,KI0434_74194_74189,Snow Grey,,,,,,,,,,
product,959,25.44,Werktas met schouderriem,"100% katoen. Katoenen documententas met verstelbare schouderriem. Dubbele zak met ritsen aan de zijkant, voor een 100% personaliseerbaar product. Gewatteerd hoofdvak voor een laptop tot 15 inch.",https://media.europeancatalog.com/ws.php?act=download&mamfileid=266669&token=fEP6GP8lqVnvHdxFnIg93eaQ3FTQOo,Kimood,Tassen,Tas,https://media.europeancatalog.com/ws.php?act=download&mamfileid=266669&token=fEP6GP8lqVnvHdxFnIg93eaQ3FTQOo,,,,,,,,,,,,
product_option,959,,,,,,,,,,,,Color,Black,RADIOBUTTONS,TRUE,,,,,
product_option,959,,,,,,,,,,,,Size,One Size,RADIOBUTTONS,TRUE,,,,,
product_option,959,,,,,,,,,,,,Color,Dark Grey / Curcuma,RADIOBUTTONS,TRUE,,,,,
product_option,959,,,,,,,,,,,,Color,Light Titanium / Black,RADIOBUTTONS,TRUE,,,,,
product_variation,959,25.44,,,,,,,,KI0435_74196_74195,Black,One Size,,,,,,,,,
product_variation,959,25.44,,,,,,,,KI0435_74197_74195,Dark Grey / Curcuma,,,,,,,,,,
product_variation,959,25.44,,,,,,,,KI0435_74198_74195,Light Titanium / Black,,,,,,,,,,
product,960,6.9,Extra grote shopper van katoen,"100% katoen. Katoenen shopper, versie extra large. De hengsels zijn gemaakt van dezelfde stof als de tas zelf. 100% personaliseerbaar. Gecertificeerd STANDARD 100 by OEKO-TEX® N° CQ  1164/1 IFTH.",https://media.europeancatalog.com/ws.php?act=download&mamfileid=266673&token=fEP6GP8lqVnvHdxFnIg93eaQ3FTQOo,Kimood,Tassen,Tas,https://media.europeancatalog.com/ws.php?act=download&mamfileid=266673&token=fEP6GP8lqVnvHdxFnIg93eaQ3FTQOo,,,,,,,,,,,,
product_option,960,,,,,,,,,,,,Color,Black,RADIOBUTTONS,TRUE,,,,,
product_option,960,,,,,,,,,,,,Size,One Size,RADIOBUTTONS,TRUE,,,,,
product_option,960,,,,,,,,,,,,Color,Natural,RADIOBUTTONS,TRUE,,,,,
product_variation,960,6.9,,,,,,,,KI0296_74133_74132,Black,One Size,,,,,,,,,
product_variation,960,4.9,,,,,,,,KI0296N_74134_74131,Natural,,,,,,,,,,
product,961,11.3,XXL shopper,"100% katoen. Klassieke shopper, maat extra large. Hengsels in katoenlint in contrasterende kleuren. Gecertificeerd STANDARD 100 by OEKO-TEX® N° CQ  1164/1 IFTH.",https://media.europeancatalog.com/ws.php?act=download&mamfileid=266672&token=fEP6GP8lqVnvHdxFnIg93eaQ3FTQOo,Kimood,Tassen,Tas,https://media.europeancatalog.com/ws.php?act=download&mamfileid=266672&token=fEP6GP8lqVnvHdxFnIg93eaQ3FTQOo,,,,,,,,,,,,
product_option,961,,,,,,,,,,,,Color,Black / Natural,RADIOBUTTONS,TRUE,,,,,
product_option,961,,,,,,,,,,,,Size,One Size,RADIOBUTTONS,TRUE,,,,,
product_option,961,,,,,,,,,,,,Color,Natural / Black,RADIOBUTTONS,TRUE,,,,,
product_option,961,,,,,,,,,,,,Color,Navy / Natural,RADIOBUTTONS,TRUE,,,,,
product_variation,961,11.3,,,,,,,,KI0297_74137_74135,Black / Natural,One Size,,,,,,,,,
product_variation,961,7.8,,,,,,,,KI0297N_74138_74136,Natural / Black,,,,,,,,,,
product_variation,961,11.3,,,,,,,,KI0297_74139_74135,Navy / Natural,,,,,,,,,,
product,962,9.54,Shopper van katoen en verlijmde jutedraad,100% jute + 100% katoen. Klassieke shopper met een onderpaneel in gelamineerd jute en een katoenen hoofdpaneel voor eenvoudige personalisatie. Katoenen hengsels.,https://media.europeancatalog.com/ws.php?act=download&mamfileid=266671&token=fEP6GP8lqVnvHdxFnIg93eaQ3FTQOo,Kimood,Tassen,Tas,https://media.europeancatalog.com/ws.php?act=download&mamfileid=266671&token=fEP6GP8lqVnvHdxFnIg93eaQ3FTQOo,,,,,,,,https://media.europeancatalog.com/ws.php?act=download&mamfileid=408929&token=fEP6GP8lqVnvHdxFnIg93eaQ3FTQOo,,,,
product_option,962,,,,,,,,,,,,Color,Arandano Red / Natural,RADIOBUTTONS,TRUE,,,,,
product_option,962,,,,,,,,,,,,Size,One Size,RADIOBUTTONS,TRUE,,,,,
product_option,962,,,,,,,,,,,,Color,Black / Natural,RADIOBUTTONS,TRUE,,,,,
product_option,962,,,,,,,,,,,,Color,Cumin Yellow / Natural,RADIOBUTTONS,TRUE,,,,,
product_option,962,,,,,,,,,,,,Color,Dusty Light Green / Natural,RADIOBUTTONS,TRUE,,,,,
product_option,962,,,,,,,,,,,,Color,Ice Mint / Natural,RADIOBUTTONS,TRUE,,,,,
product_option,962,,,,,,,,,,,,Color,Light Sand / Natural,RADIOBUTTONS,TRUE,,,,,
product_option,962,,,,,,,,,,,,Color,Minorca Navy / Natural,RADIOBUTTONS,TRUE,,,,,
product_option,962,,,,,,,,,,,,Color,Natural,RADIOBUTTONS,TRUE,,,,,
product_option,962,,,,,,,,,,,,Color,Sage / Natural,RADIOBUTTONS,TRUE,,,,,
product_option,962,,,,,,,,,,,,Color,Snow Grey / Natural,RADIOBUTTONS,TRUE,,,,,
product_variation,962,9.54,,,,,,,,KI0298_74142_74140,Arandano Red / Natural,One Size,,,,,,,,,
product_variation,962,9.54,,,,,,,,KI0298_74143_74140,Black / Natural,,,,,,,,,,
product_variation,962,9.54,,,,,,,,KI0298_74144_74140,Cumin Yellow / Natural,,,,,,,,,,
product_variation,962,9.54,,,,,,,,KI0298_74145_74140,Dusty Light Green / Natural,,,,,,,,,,
product_variation,962,9.54,,,,,,,,KI0298_74146_74140,Ice Mint / Natural,,,,,,,,,,
product_variation,962,9.54,,,,,,,,KI0298_74147_74140,Light Sand / Natural,,,,,,,,,,
product_variation,962,9.54,,,,,,,,KI0298_74148_74140,Minorca Navy / Natural,,,,,,,,,,
product_variation,962,8,,,,,,,,KI0298N_74149_74141,Natural,,,,,,,,,,
product_variation,962,9.54,,,,,,,,KI0298_74150_74140,Sage / Natural,,,,,,,,,,
product_variation,962,9.54,,,,,,,,KI0298_74151_74140,Snow Grey / Natural,,,,,,,,,,
product,963,10.84,Gerecycleerde koelshopper,75% gerecycleerd katoen / 22% gerecycleerd polyester / 3% andere vezels. 100% personaliseerbare zak aan de voorkant. Ritssluiting aan de bovenkant.,https://media.europeancatalog.com/ws.php?act=download&mamfileid=266274&token=fEP6GP8lqVnvHdxFnIg93eaQ3FTQOo,Kimood,Tassen,Tas,https://media.europeancatalog.com/ws.php?act=download&mamfileid=266274&token=fEP6GP8lqVnvHdxFnIg93eaQ3FTQOo,,,,,,,,,,,,
product_option,963,,,,,,,,,,,,Color,Black Night / Hemp,RADIOBUTTONS,TRUE,,,,,
product_option,963,,,,,,,,,,,,Size,S,RADIOBUTTONS,TRUE,,,,,
product_option,963,,,,,,,,,,,,Size,M,RADIOBUTTONS,TRUE,,,,,
product_option,963,,,,,,,,,,,,Color,Ecume / Hemp,RADIOBUTTONS,TRUE,,,,,
product_variation,963,10.84,,,,,,,,KI0378S_74182_74180,Black Night / Hemp,S,,,,,,,,,
product_variation,963,15.56,,,,,,,,KI0378M_74183_74181,Black Night / Hemp,M,,,,,,,,,
product_variation,963,10.84,,,,,,,,KI0378S_74185_74180,Ecume / Hemp,,,,,,,,,,
product_variation,963,15.56,,,,,,,,KI0378M_74184_74181,Ecume / Hemp,,,,,,,,,,
product,964,13.4,Katoenen handtas met schouderriem,100% katoen. Katoenen schouderriem. Hoofdvak met ritssluiting. Grote voorzak met nog een verticale zak met rits voor eenvoudige personalisatie. Verstelbare schouderriem.,https://media.europeancatalog.com/ws.php?act=download&mamfileid=266342&token=fEP6GP8lqVnvHdxFnIg93eaQ3FTQOo,Kimood,Tassen,Tas,https://media.europeancatalog.com/ws.php?act=download&mamfileid=266342&token=fEP6GP8lqVnvHdxFnIg93eaQ3FTQOo,,,,,,,,,,,,
product_option,964,,,,,,,,,,,,Color,Black,RADIOBUTTONS,TRUE,,,,,
product_option,964,,,,,,,,,,,,Size,One Size,RADIOBUTTONS,TRUE,,,,,
product_option,964,,,,,,,,,,,,Color,Navy,RADIOBUTTONS,TRUE,,,,,
product_variation,964,13.4,,,,,,,,KI0375_74172_74171,Black,One Size,,,,,,,,,
product_variation,964,13.4,,,,,,,,KI0375_74173_74171,Navy,,,,,,,,,,
product,965,11.24,Padel tas,100 % gerecycled polyester. <br/>Deze tas is op maat gemaakt voor een racket. <br/>Dankzij de verstelbare band kan de tas ook over de schouder worden gedragen. <br/>Contrasterende ritsen.,https://media.europeancatalog.com/ws.php?act=download&mamfileid=383674&token=fEP6GP8lqVnvHdxFnIg93eaQ3FTQOo,Kimood,Tassen,Tas,https://media.europeancatalog.com/ws.php?act=download&mamfileid=383674&token=fEP6GP8lqVnvHdxFnIg93eaQ3FTQOo,,,,,,,,,,,,
product_option,965,,,,,,,,,,,,Color,Black,RADIOBUTTONS,TRUE,,,,,
product_option,965,,,,,,,,,,,,Size,One Size,RADIOBUTTONS,TRUE,,,,,
product_option,965,,,,,,,,,,,,Color,Black / Red,RADIOBUTTONS,TRUE,,,,,
product_option,965,,,,,,,,,,,,Color,Black / Royal Blue,RADIOBUTTONS,TRUE,,,,,
product_variation,965,11.24,,,,,,,,KI0381_80393_80392,Black,One Size,,,,,,,,,
product_variation,965,11.24,,,,,,,,KI0381_80394_80392,Black / Red,,,,,,,,,,
product_variation,965,11.24,,,,,,,,KI0381_80395_80392,Black / Royal Blue,,,,,,,,,,
product,966,22.04,Padel rugzak,"100 % gerecycled polyester. <br/>Deze rugzak heeft twee vakken, één voor het racket en een tweede, groter vak voor reservekleding of andere accessoires.",https://media.europeancatalog.com/ws.php?act=download&mamfileid=383673&token=fEP6GP8lqVnvHdxFnIg93eaQ3FTQOo,Kimood,Tassen,Tas,https://media.europeancatalog.com/ws.php?act=download&mamfileid=383673&token=fEP6GP8lqVnvHdxFnIg93eaQ3FTQOo,,,,,,,,,,,,
product_option,966,,,,,,,,,,,,Color,Black,RADIOBUTTONS,TRUE,,,,,
product_option,966,,,,,,,,,,,,Size,One Size,RADIOBUTTONS,TRUE,,,,,
product_variation,966,22.04,,,,,,,,KI0382_80397_80396,Black,One Size,,,,,,,,,
product,967,12.54,Schoenentas,100 % polyester. <br/>Deze tas heeft twee vakken en is ruim genoeg voor trekking- of veiligheidsschoenen. <br/>De handige handgreep zit om de tas heen om hem te verstevigen.,https://media.europeancatalog.com/ws.php?act=download&mamfileid=392563&token=fEP6GP8lqVnvHdxFnIg93eaQ3FTQOo,Kimood,Tassen,Tas,https://media.europeancatalog.com/ws.php?act=download&mamfileid=392563&token=fEP6GP8lqVnvHdxFnIg93eaQ3FTQOo,,,,,,,,https://media.europeancatalog.com/ws.php?act=download&mamfileid=417985&token=fEP6GP8lqVnvHdxFnIg93eaQ3FTQOo,https://media.europeancatalog.com/ws.php?act=download&mamfileid=417984&token=fEP6GP8lqVnvHdxFnIg93eaQ3FTQOo,,,
product_option,967,,,,,,,,,,,,Color,Black,RADIOBUTTONS,TRUE,,,,,
product_option,967,,,,,,,,,,,,Size,One Size,RADIOBUTTONS,TRUE,,,,,
product_option,967,,,,,,,,,,,,Color,Navy,RADIOBUTTONS,TRUE,,,,,
product_variation,967,12.54,,,,,,,,KI0383_80399_80398,Black,One Size,,,,,,,,,
product_variation,967,12.54,,,,,,,,KI0383_80400_80398,Navy,,,,,,,,,,
product,968,6.76,Schoudertasje,"Schoudertasje van 600D polyester, verstelbare schouderband, hoofdvak met sleutelring en voorvak, dubbele ritssluiting, vakje op rugzijde.",https://media.europeancatalog.com/ws.php?act=download&mamfileid=67653&token=fEP6GP8lqVnvHdxFnIg93eaQ3FTQOo,Kimood,Tassen,Tas,https://media.europeancatalog.com/ws.php?act=download&mamfileid=67653&token=fEP6GP8lqVnvHdxFnIg93eaQ3FTQOo,,,,,,,,,,,,
product_option,968,,,,,,,,,,,,Color,Black,RADIOBUTTONS,TRUE,,,,,
product_option,968,,,,,,,,,,,,Size,One Size,RADIOBUTTONS,TRUE,,,,,
product_option,968,,,,,,,,,,,,Color,Red / Light Grey,RADIOBUTTONS,TRUE,,,,,
product_option,968,,,,,,,,,,,,Color,Slate Grey / Aqua Blue,RADIOBUTTONS,TRUE,,,,,
product_variation,968,6.76,,,,,,,,KI0301_32237_32236,Black,One Size,,,,,,,,,
product_variation,968,6.76,,,,,,,,KI0301_32240_32236,Red / Light Grey,,,,,,,,,,
product_variation,968,6.76,,,,,,,,KI0301_32239_32236,Slate Grey / Aqua Blue,,,,,,,,,,
product,969,19.1,Canvas Schoudertas,"Katoenen canvas tas met verstelbare schouderband, vintage look, gespen en oogjes oude koperen afwerking, 1 binnenvak.",https://media.europeancatalog.com/ws.php?act=download&mamfileid=67791&token=fEP6GP8lqVnvHdxFnIg93eaQ3FTQOo,Kimood,Tassen,Tas,https://media.europeancatalog.com/ws.php?act=download&mamfileid=67791&token=fEP6GP8lqVnvHdxFnIg93eaQ3FTQOo,,,,,,,,https://media.europeancatalog.com/ws.php?act=download&mamfileid=392226&token=fEP6GP8lqVnvHdxFnIg93eaQ3FTQOo,https://media.europeancatalog.com/ws.php?act=download&mamfileid=422521&token=fEP6GP8lqVnvHdxFnIg93eaQ3FTQOo,https://media.europeancatalog.com/ws.php?act=download&mamfileid=422522&token=fEP6GP8lqVnvHdxFnIg93eaQ3FTQOo,,
product_option,969,,,,,,,,,,,,Color,Black,RADIOBUTTONS,TRUE,,,,,
product_option,969,,,,,,,,,,,,Size,One Size,RADIOBUTTONS,TRUE,,,,,
product_option,969,,,,,,,,,,,,Color,Vintage Kaki,RADIOBUTTONS,TRUE,,,,,
product_variation,969,19.1,,,,,,,,KI0302_46271_32125,Black,One Size,,,,,,,,,
product_variation,969,19.1,,,,,,,,KI0302_32126_32125,Vintage Kaki,,,,,,,,,,
product,970,10.8,Verticale messenger tas,"Verticale messenger tas van 900D polyester, 3 voorvakken, afneembare en verstelbare schouderriem.",https://media.europeancatalog.com/ws.php?act=download&mamfileid=67657&token=fEP6GP8lqVnvHdxFnIg93eaQ3FTQOo,Kimood,Tassen,Tas,https://media.europeancatalog.com/ws.php?act=download&mamfileid=67657&token=fEP6GP8lqVnvHdxFnIg93eaQ3FTQOo,,,,,,,,,,,,
product_option,970,,,,,,,,,,,,Color,Black,RADIOBUTTONS,TRUE,,,,,
product_option,970,,,,,,,,,,,,Size,One Size,RADIOBUTTONS,TRUE,,,,,
product_option,970,,,,,,,,,,,,Color,Navy,RADIOBUTTONS,TRUE,,,,,
product_option,970,,,,,,,,,,,,Color,Slate Grey,RADIOBUTTONS,TRUE,,,,,
product_variation,970,10.8,,,,,,,,KI0303_37728_37727,Black,One Size,,,,,,,,,
product_variation,970,10.8,,,,,,,,KI0303_42139_37727,Navy,,,,,,,,,,
product_variation,970,10.8,,,,,,,,KI0303_37729_37727,Slate Grey,,,,,,,,,,
product,971,6.34,Schoudertas,"Tablet- en/of documenten schoudertas van 600D polyester, voorvak, verstelbare schouderriem.",https://media.europeancatalog.com/ws.php?act=download&mamfileid=67658&token=fEP6GP8lqVnvHdxFnIg93eaQ3FTQOo,Kimood,Tassen,Tas,https://media.europeancatalog.com/ws.php?act=download&mamfileid=67658&token=fEP6GP8lqVnvHdxFnIg93eaQ3FTQOo,,,,,,,,,,,,
product_option,971,,,,,,,,,,,,Color,Black,RADIOBUTTONS,TRUE,,,,,
product_option,971,,,,,,,,,,,,Size,One Size,RADIOBUTTONS,TRUE,,,,,
product_option,971,,,,,,,,,,,,Color,Burnt Lime,RADIOBUTTONS,TRUE,,,,,
product_option,971,,,,,,,,,,,,Color,Navy,RADIOBUTTONS,TRUE,,,,,
product_option,971,,,,,,,,,,,,Color,Orange,RADIOBUTTONS,TRUE,,,,,
product_option,971,,,,,,,,,,,,Color,Red,RADIOBUTTONS,TRUE,,,,,
product_option,971,,,,,,,,,,,,Color,Royal Blue,RADIOBUTTONS,TRUE,,,,,
product_variation,971,6.34,,,,,,,,KI0304_42073_37730,Black,One Size,,,,,,,,,
product_variation,971,6.34,,,,,,,,KI0304_42075_37730,Burnt Lime,,,,,,,,,,
product_variation,971,6.34,,,,,,,,KI0304_42074_37730,Navy,,,,,,,,,,
product_variation,971,6.34,,,,,,,,KI0304_37733_37730,Orange,,,,,,,,,,
product_variation,971,6.34,,,,,,,,KI0304_37731_37730,Red,,,,,,,,,,
product_variation,971,6.34,,,,,,,,KI0304_37732_37730,Royal Blue,,,,,,,,,,
product,972,9,Grote Koeltas,Grote koeltas van 210D polyester. Medium maat.,https://media.europeancatalog.com/ws.php?act=download&mamfileid=67662&token=fEP6GP8lqVnvHdxFnIg93eaQ3FTQOo,Kimood,Tassen,Tas,https://media.europeancatalog.com/ws.php?act=download&mamfileid=67662&token=fEP6GP8lqVnvHdxFnIg93eaQ3FTQOo,,,,,,,,https://media.europeancatalog.com/ws.php?act=download&mamfileid=67663&token=fEP6GP8lqVnvHdxFnIg93eaQ3FTQOo,https://media.europeancatalog.com/ws.php?act=download&mamfileid=392228&token=fEP6GP8lqVnvHdxFnIg93eaQ3FTQOo,,,
product_option,972,,,,,,,,,,,,Color,Light Grey,RADIOBUTTONS,TRUE,,,,,
product_option,972,,,,,,,,,,,,Size,One Size,RADIOBUTTONS,TRUE,,,,,
product_option,972,,,,,,,,,,,,Color,Navy,RADIOBUTTONS,TRUE,,,,,
product_variation,972,9,,,,,,,,KI0306_37738_37737,Light Grey,One Size,,,,,,,,,
product_variation,972,9,,,,,,,,KI0306_40562_37737,Navy,,,,,,,,,,
product,973,19.26,Hoge Koeltas,Koeltas van 300D polyester. Hengsels in webbing voor een sterkere structuur. Voorvak met rits.  Afneembare en verstelbare schouderband.,https://media.europeancatalog.com/ws.php?act=download&mamfileid=67665&token=fEP6GP8lqVnvHdxFnIg93eaQ3FTQOo,Kimood,Tassen,Tas,https://media.europeancatalog.com/ws.php?act=download&mamfileid=67665&token=fEP6GP8lqVnvHdxFnIg93eaQ3FTQOo,,,,,,,,https://media.europeancatalog.com/ws.php?act=download&mamfileid=67664&token=fEP6GP8lqVnvHdxFnIg93eaQ3FTQOo,,,,
product_option,973,,,,,,,,,,,,Color,Full Grey,RADIOBUTTONS,TRUE,,,,,
product_option,973,,,,,,,,,,,,Size,One Size,RADIOBUTTONS,TRUE,,,,,
product_option,973,,,,,,,,,,,,Color,Royal Blue,RADIOBUTTONS,TRUE,,,,,
product_variation,973,19.26,,,,,,,,KI0307_55739_37739,Full Grey,One Size,,,,,,,,,
product_variation,973,19.26,,,,,,,,KI0307_37740_37739,Royal Blue,,,,,,,,,,
product,974,14.44,Koeltas met dubbel compartiment,"Koeltas met dubbel compartiment  van600D polyester, groot voorvak, verstelbare schouderband.",https://media.europeancatalog.com/ws.php?act=download&mamfileid=67674&token=fEP6GP8lqVnvHdxFnIg93eaQ3FTQOo,Kimood,Tassen,Tas,https://media.europeancatalog.com/ws.php?act=download&mamfileid=67674&token=fEP6GP8lqVnvHdxFnIg93eaQ3FTQOo,,,,,,,,,,,,
product_option,974,,,,,,,,,,,,Color,Light Grey,RADIOBUTTONS,TRUE,,,,,
product_option,974,,,,,,,,,,,,Size,One Size,RADIOBUTTONS,TRUE,,,,,
product_option,974,,,,,,,,,,,,Color,Navy,RADIOBUTTONS,TRUE,,,,,
product_variation,974,14.44,,,,,,,,KI0317_43269_43268,Light Grey,One Size,,,,,,,,,
product_variation,974,14.44,,,,,,,,KI0317_43270_43268,Navy,,,,,,,,,,
product,975,13,Koeltas,"Koeltas van 420D polyester, groot voorvak met ritssluiting, zijvak in mesh, verstelbare schouderband.",https://media.europeancatalog.com/ws.php?act=download&mamfileid=67675&token=fEP6GP8lqVnvHdxFnIg93eaQ3FTQOo,Kimood,Tassen,Tas,https://media.europeancatalog.com/ws.php?act=download&mamfileid=67675&token=fEP6GP8lqVnvHdxFnIg93eaQ3FTQOo,,,,,,,,,,,,
product_option,975,,,,,,,,,,,,Color,Light Grey,RADIOBUTTONS,TRUE,,,,,
product_option,975,,,,,,,,,,,,Size,One Size,RADIOBUTTONS,TRUE,,,,,
product_option,975,,,,,,,,,,,,Color,Royal Blue,RADIOBUTTONS,TRUE,,,,,
product_variation,975,13,,,,,,,,KI0318_43272_43271,Light Grey,One Size,,,,,,,,,
product_variation,975,13,,,,,,,,KI0318_43273_43271,Royal Blue,,,,,,,,,,
product,976,1.2,Smartphone armband,"Armhouder van polyester neopreen voor smartphones tot 4,7, ideaal voor alle sport-en buitenactiviteiten, met venster voor touchscreenfunctie.",https://media.europeancatalog.com/ws.php?act=download&mamfileid=417437&token=fEP6GP8lqVnvHdxFnIg93eaQ3FTQOo,Kimood,Accessoires,Armhouders,https://media.europeancatalog.com/ws.php?act=download&mamfileid=417437&token=fEP6GP8lqVnvHdxFnIg93eaQ3FTQOo,,,,,,,,https://media.europeancatalog.com/ws.php?act=download&mamfileid=417435&token=fEP6GP8lqVnvHdxFnIg93eaQ3FTQOo,https://media.europeancatalog.com/ws.php?act=download&mamfileid=417436&token=fEP6GP8lqVnvHdxFnIg93eaQ3FTQOo,,,
product_option,976,,,,,,,,,,,,Color,Lime,RADIOBUTTONS,TRUE,,,,,
product_option,976,,,,,,,,,,,,Size,One Size,RADIOBUTTONS,TRUE,,,,,
product_option,976,,,,,,,,,,,,Color,White,RADIOBUTTONS,TRUE,,,,,
product_variation,976,1.2,,,,,,,,KI0325_46883_46880,Lime,One Size,,,,,,,,,
product_variation,976,1.2,,,,,,,,KI0325_46885_46880,White,,,,,,,,,,
product,977,8.34,Heuptas,"Heuptas van 210D ripstop. Voorvak met rits, binnenvak van mesh, gaatje voor de oortjes.",https://media.europeancatalog.com/ws.php?act=download&mamfileid=67693&token=fEP6GP8lqVnvHdxFnIg93eaQ3FTQOo,Kimood,Tassen,Tas,https://media.europeancatalog.com/ws.php?act=download&mamfileid=67693&token=fEP6GP8lqVnvHdxFnIg93eaQ3FTQOo,,,,,,,,https://media.europeancatalog.com/ws.php?act=download&mamfileid=67694&token=fEP6GP8lqVnvHdxFnIg93eaQ3FTQOo,,,,
product_option,977,,,,,,,,,,,,Color,Black,RADIOBUTTONS,TRUE,,,,,
product_option,977,,,,,,,,,,,,Size,One Size,RADIOBUTTONS,TRUE,,,,,
product_variation,977,8.34,,,,,,,,KI0332_46896_46895,Black,One Size,,,,,,,,,
product,978,4.7,Travel set,"Reissetje in bedrukbaar zakje van 210D polyester. Klittenbandsluiting in het midden. Inclusief oordopjes, oogmasker en opblaasbaar nekkussen.",https://media.europeancatalog.com/ws.php?act=download&mamfileid=67700&token=fEP6GP8lqVnvHdxFnIg93eaQ3FTQOo,Kimood,Tassen,Accessoires voor tassen,https://media.europeancatalog.com/ws.php?act=download&mamfileid=67700&token=fEP6GP8lqVnvHdxFnIg93eaQ3FTQOo,,,,,,,,,,,,
product_option,978,,,,,,,,,,,,Color,Black,RADIOBUTTONS,TRUE,,,,,
product_option,978,,,,,,,,,,,,Size,One Size,RADIOBUTTONS,TRUE,,,,,
product_variation,978,4.7,,,,,,,,KI0336_46904_46903,Black,One Size,,,,,,,,,
product,979,17.54,Heuptas voor fles,"Heuptas voor fles voor hardlopers, van polyester. Gewatteerde rug en ademende mesh, hoofdzak met rits, 2 fleszakken opzij, elastische houder voor hardloophesje/energiereep. Geleverd met twee flessen van 350 ml, verstelbare klittenbandsluiting.",https://media.europeancatalog.com/ws.php?act=download&mamfileid=67712&token=fEP6GP8lqVnvHdxFnIg93eaQ3FTQOo,Kimood,Tassen,Tas,https://media.europeancatalog.com/ws.php?act=download&mamfileid=67712&token=fEP6GP8lqVnvHdxFnIg93eaQ3FTQOo,,,,,,,,https://media.europeancatalog.com/ws.php?act=download&mamfileid=67710&token=fEP6GP8lqVnvHdxFnIg93eaQ3FTQOo,https://media.europeancatalog.com/ws.php?act=download&mamfileid=67711&token=fEP6GP8lqVnvHdxFnIg93eaQ3FTQOo,,,
product_option,979,,,,,,,,,,,,Color,Black,RADIOBUTTONS,TRUE,,,,,
product_option,979,,,,,,,,,,,,Size,One Size,RADIOBUTTONS,TRUE,,,,,
product_variation,979,17.54,,,,,,,,KI0343_54104_54103,Black,One Size,,,,,,,,,
product,980,6.66,Petanquetas,Petanquetas van 600D polyester. Draagriem en ritssluiting. Voor maximaal 3 ballen.,https://media.europeancatalog.com/ws.php?act=download&mamfileid=210459&token=fEP6GP8lqVnvHdxFnIg93eaQ3FTQOo,Kimood,Tassen,Tas,https://media.europeancatalog.com/ws.php?act=download&mamfileid=210459&token=fEP6GP8lqVnvHdxFnIg93eaQ3FTQOo,,,,,,,,https://media.europeancatalog.com/ws.php?act=download&mamfileid=210458&token=fEP6GP8lqVnvHdxFnIg93eaQ3FTQOo,https://media.europeancatalog.com/ws.php?act=download&mamfileid=210456&token=fEP6GP8lqVnvHdxFnIg93eaQ3FTQOo,https://media.europeancatalog.com/ws.php?act=download&mamfileid=210455&token=fEP6GP8lqVnvHdxFnIg93eaQ3FTQOo,https://media.europeancatalog.com/ws.php?act=download&mamfileid=210457&token=fEP6GP8lqVnvHdxFnIg93eaQ3FTQOo,
product_option,980,,,,,,,,,,,,Color,Black,RADIOBUTTONS,TRUE,,,,,
product_option,980,,,,,,,,,,,,Size,One Size,RADIOBUTTONS,TRUE,,,,,
product_option,980,,,,,,,,,,,,Color,Dark Grey,RADIOBUTTONS,TRUE,,,,,
product_option,980,,,,,,,,,,,,Color,Navy,RADIOBUTTONS,TRUE,,,,,
product_option,980,,,,,,,,,,,,Color,Orange,RADIOBUTTONS,TRUE,,,,,
product_option,980,,,,,,,,,,,,Color,Red,RADIOBUTTONS,TRUE,,,,,
product_option,980,,,,,,,,,,,,Color,Royal Blue,RADIOBUTTONS,TRUE,,,,,
product_variation,980,6.66,,,,,,,,KI0344_60259_60258,Black,One Size,,,,,,,,,
product_variation,980,6.66,,,,,,,,KI0344_60264_60258,Dark Grey,,,,,,,,,,
product_variation,980,6.66,,,,,,,,KI0344_60260_60258,Navy,,,,,,,,,,
product_variation,980,6.66,,,,,,,,KI0344_60261_60258,Orange,,,,,,,,,,
product_variation,980,6.66,,,,,,,,KI0344_60262_60258,Red,,,,,,,,,,
product_variation,980,6.66,,,,,,,,KI0344_60263_60258,Royal Blue,,,,,,,,,,
product,981,3.06,Minitas met koelvak,Koeltas van 210D polyester + wand van aluminium. Zak aan de voorkant voor eenvoudige personalisatie. Er kunnen tot 6 blikjes in.,https://media.europeancatalog.com/ws.php?act=download&mamfileid=207675&token=fEP6GP8lqVnvHdxFnIg93eaQ3FTQOo,Kimood,Tassen,Tas,https://media.europeancatalog.com/ws.php?act=download&mamfileid=207675&token=fEP6GP8lqVnvHdxFnIg93eaQ3FTQOo,,,,,,,,https://media.europeancatalog.com/ws.php?act=download&mamfileid=67713&token=fEP6GP8lqVnvHdxFnIg93eaQ3FTQOo,,,,
product_option,981,,,,,,,,,,,,Color,Black,RADIOBUTTONS,TRUE,,,,,
product_option,981,,,,,,,,,,,,Size,One Size,RADIOBUTTONS,TRUE,,,,,
product_option,981,,,,,,,,,,,,Color,Navy,RADIOBUTTONS,TRUE,,,,,
product_option,981,,,,,,,,,,,,Color,Red,RADIOBUTTONS,TRUE,,,,,
product_option,981,,,,,,,,,,,,Color,Turquoise,RADIOBUTTONS,TRUE,,,,,
product_option,981,,,,,,,,,,,,Color,White,RADIOBUTTONS,TRUE,,,,,
product_variation,981,3.06,,,,,,,,KI0345_55265_55264,Black,One Size,,,,,,,,,
product_variation,981,3.06,,,,,,,,KI0345_55266_55264,Navy,,,,,,,,,,
product_variation,981,3.06,,,,,,,,KI0345_55267_55264,Red,,,,,,,,,,
product_variation,981,3.06,,,,,,,,KI0345_55268_55264,Turquoise,,,,,,,,,,
product_variation,981,3.06,,,,,,,,KI0345_55269_55264,White,,,,,,,,,,
product,982,14.56,Semi-rigide petanquetas,Petanquetas van 600D polyester. Voor maximaal 3 ballen. Semi-rigide structuur om de ballen te beschermen. Overslag met dubbele ritssluiting en magneetsluiting.,https://media.europeancatalog.com/ws.php?act=download&mamfileid=210454&token=fEP6GP8lqVnvHdxFnIg93eaQ3FTQOo,Kimood,Tassen,Tas,https://media.europeancatalog.com/ws.php?act=download&mamfileid=210454&token=fEP6GP8lqVnvHdxFnIg93eaQ3FTQOo,,,,,,,,https://media.europeancatalog.com/ws.php?act=download&mamfileid=210453&token=fEP6GP8lqVnvHdxFnIg93eaQ3FTQOo,,,,
product_option,982,,,,,,,,,,,,Color,Black,RADIOBUTTONS,TRUE,,,,,
product_option,982,,,,,,,,,,,,Size,One Size,RADIOBUTTONS,TRUE,,,,,
product_option,982,,,,,,,,,,,,Color,Royal Blue,RADIOBUTTONS,TRUE,,,,,
product_variation,982,14.56,,,,,,,,KI0346_60266_60265,Black,One Size,,,,,,,,,
product_variation,982,14.56,,,,,,,,KI0346_60267_60265,Royal Blue,,,,,,,,,,
product,983,12.96,Koeltas met ritszak,Koeltas van 600D polyester.1 ritszak aan de voorkant voor eenvoudige personalisatie. Hengsels en zak in een contrasterende kleur. Er kunnen flessen van 500 ml en blikjes in.,https://media.europeancatalog.com/ws.php?act=download&mamfileid=210452&token=fEP6GP8lqVnvHdxFnIg93eaQ3FTQOo,Kimood,Tassen,Tas,https://media.europeancatalog.com/ws.php?act=download&mamfileid=210452&token=fEP6GP8lqVnvHdxFnIg93eaQ3FTQOo,,,,,,,,https://media.europeancatalog.com/ws.php?act=download&mamfileid=210451&token=fEP6GP8lqVnvHdxFnIg93eaQ3FTQOo,https://media.europeancatalog.com/ws.php?act=download&mamfileid=210450&token=fEP6GP8lqVnvHdxFnIg93eaQ3FTQOo,https://media.europeancatalog.com/ws.php?act=download&mamfileid=67715&token=fEP6GP8lqVnvHdxFnIg93eaQ3FTQOo,,
product_option,983,,,,,,,,,,,,Color,Dark Grey Heather / Navy,RADIOBUTTONS,TRUE,,,,,
product_option,983,,,,,,,,,,,,Size,One Size,RADIOBUTTONS,TRUE,,,,,
product_option,983,,,,,,,,,,,,Color,Light Blue Heather / Dark Grey,RADIOBUTTONS,TRUE,,,,,
product_variation,983,12.96,,,,,,,,KI0347_55271_55270,Dark Grey Heather / Navy,One Size,,,,,,,,,
product_variation,983,12.96,,,,,,,,KI0347_55272_55270,Light Blue Heather / Dark Grey,,,,,,,,,,
product,984,14.66,Koeltas van jute - klein model,"Koeltas met buitenzijde van jutecanvas en katoenen zak voor eenvoudige personalisatie, koelvak binnenin met isolerende wand van aluminium en koelschuim met hoge densiteit. Katoenen hengsels. Klein model.",https://media.europeancatalog.com/ws.php?act=download&mamfileid=210493&token=fEP6GP8lqVnvHdxFnIg93eaQ3FTQOo,Kimood,Tassen,Tas,https://media.europeancatalog.com/ws.php?act=download&mamfileid=210493&token=fEP6GP8lqVnvHdxFnIg93eaQ3FTQOo,,,,,,,,https://media.europeancatalog.com/ws.php?act=download&mamfileid=67724&token=fEP6GP8lqVnvHdxFnIg93eaQ3FTQOo,https://media.europeancatalog.com/ws.php?act=download&mamfileid=67722&token=fEP6GP8lqVnvHdxFnIg93eaQ3FTQOo,https://media.europeancatalog.com/ws.php?act=download&mamfileid=67723&token=fEP6GP8lqVnvHdxFnIg93eaQ3FTQOo,,
product_option,984,,,,,,,,,,,,Color,Natural,RADIOBUTTONS,TRUE,,,,,
product_option,984,,,,,,,,,,,,Size,One Size,RADIOBUTTONS,TRUE,,,,,
product_variation,984,14.66,,,,,,,,KI0352_55278_55277,Natural,One Size,,,,,,,,,
product,985,16.8,Koeltas van jute - middelgroot model,"Koeltas met buitenzijde van jutecanvas en katoenen zak voor eenvoudige personalisatie, koelvak binnenin met isolerende wand van aluminium en koelschuim met hoge densiteit. Katoenen hengsels. Middelgroot model.",https://media.europeancatalog.com/ws.php?act=download&mamfileid=210492&token=fEP6GP8lqVnvHdxFnIg93eaQ3FTQOo,Kimood,Tassen,Tas,https://media.europeancatalog.com/ws.php?act=download&mamfileid=210492&token=fEP6GP8lqVnvHdxFnIg93eaQ3FTQOo,,,,,,,,https://media.europeancatalog.com/ws.php?act=download&mamfileid=67725&token=fEP6GP8lqVnvHdxFnIg93eaQ3FTQOo,https://media.europeancatalog.com/ws.php?act=download&mamfileid=67723&token=fEP6GP8lqVnvHdxFnIg93eaQ3FTQOo,,,
product_option,985,,,,,,,,,,,,Color,Natural,RADIOBUTTONS,TRUE,,,,,
product_option,985,,,,,,,,,,,,Size,One Size,RADIOBUTTONS,TRUE,,,,,
product_variation,985,16.8,,,,,,,,KI0353_55280_55279,Natural,One Size,,,,,,,,,
product,986,21.66,Koeltas van jute - groot model,"Koeltas met buitenzijde van jutecanvas en katoenen zak voor eenvoudige personalisatie, koelvak binnenin met isolerende wand van aluminium en koelschuim met hoge densiteit. Katoenen hengsels. Groot model.",https://media.europeancatalog.com/ws.php?act=download&mamfileid=210491&token=fEP6GP8lqVnvHdxFnIg93eaQ3FTQOo,Kimood,Tassen,Tas,https://media.europeancatalog.com/ws.php?act=download&mamfileid=210491&token=fEP6GP8lqVnvHdxFnIg93eaQ3FTQOo,,,,,,,,https://media.europeancatalog.com/ws.php?act=download&mamfileid=67726&token=fEP6GP8lqVnvHdxFnIg93eaQ3FTQOo,https://media.europeancatalog.com/ws.php?act=download&mamfileid=67723&token=fEP6GP8lqVnvHdxFnIg93eaQ3FTQOo,,,
product_option,986,,,,,,,,,,,,Color,Natural,RADIOBUTTONS,TRUE,,,,,
product_option,986,,,,,,,,,,,,Size,One Size,RADIOBUTTONS,TRUE,,,,,
product_variation,986,21.66,,,,,,,,KI0354_55282_55281,Natural,One Size,,,,,,,,,
product,987,10.16,Documententas,"Documententas van 600D polyester. Verstelbare schouderband. Overslag met gespsluiting, vak met ritssluiting op flap, pen en visitekaarthouder, binnenvak.",https://media.europeancatalog.com/ws.php?act=download&mamfileid=211518&token=fEP6GP8lqVnvHdxFnIg93eaQ3FTQOo,Kimood,Tassen,Tas,https://media.europeancatalog.com/ws.php?act=download&mamfileid=211518&token=fEP6GP8lqVnvHdxFnIg93eaQ3FTQOo,,,,,,,,https://media.europeancatalog.com/ws.php?act=download&mamfileid=211519&token=fEP6GP8lqVnvHdxFnIg93eaQ3FTQOo,,,,
product_option,987,,,,,,,,,,,,Color,Black,RADIOBUTTONS,TRUE,,,,,
product_option,987,,,,,,,,,,,,Size,One Size,RADIOBUTTONS,TRUE,,,,,
product_option,987,,,,,,,,,,,,Color,Corde,RADIOBUTTONS,TRUE,,,,,
product_option,987,,,,,,,,,,,,Color,Red,RADIOBUTTONS,TRUE,,,,,
product_option,987,,,,,,,,,,,,Color,Slate Grey,RADIOBUTTONS,TRUE,,,,,
product_variation,987,10.16,,,,,,,,KI0403_32254_32253,Black,One Size,,,,,,,,,
product_variation,987,10.16,,,,,,,,KI0403_32255_32253,Corde,,,,,,,,,,
product_variation,987,10.16,,,,,,,,KI0403_48601_32253,Red,,,,,,,,,,
product_variation,987,10.16,,,,,,,,KI0403_32256_32253,Slate Grey,,,,,,,,,,
product,988,29.56,Schrijfmap,"Schrijfmap van polyurethane en microvezel, ritssluiting rondom, schrijfblok en penlus rechts, vakje met rits, links een rekenmachine op zonne-energie en organizer vakjes. Pen niet meegeleverd. Prijs inclusief Recupel.",https://media.europeancatalog.com/ws.php?act=download&mamfileid=67733&token=fEP6GP8lqVnvHdxFnIg93eaQ3FTQOo,Kimood,Tassen,Accessoires voor tassen,https://media.europeancatalog.com/ws.php?act=download&mamfileid=67733&token=fEP6GP8lqVnvHdxFnIg93eaQ3FTQOo,,,,,,,,,,,,
product_option,988,,,,,,,,,,,,Color,Black,RADIOBUTTONS,TRUE,,,,,
product_option,988,,,,,,,,,,,,Size,One Size,RADIOBUTTONS,TRUE,,,,,
product_variation,988,29.56,,,,,,,,KI0408_37748_37747,Black,One Size,,,,,,,,,
product,989,13.44,Documententas met overslag,"Documententas van 600D polyester, overslag met  gespsluiting vak met rits op overslag, bovensluiting met rits, afneembare en verstelbare schouderband, binnenvak met organizer indeling.",https://media.europeancatalog.com/ws.php?act=download&mamfileid=67734&token=fEP6GP8lqVnvHdxFnIg93eaQ3FTQOo,Kimood,Tassen,Tas,https://media.europeancatalog.com/ws.php?act=download&mamfileid=67734&token=fEP6GP8lqVnvHdxFnIg93eaQ3FTQOo,,,,,,,,https://media.europeancatalog.com/ws.php?act=download&mamfileid=67735&token=fEP6GP8lqVnvHdxFnIg93eaQ3FTQOo,,,,
product_option,989,,,,,,,,,,,,Color,Black,RADIOBUTTONS,TRUE,,,,,
product_option,989,,,,,,,,,,,,Size,One Size,RADIOBUTTONS,TRUE,,,,,
product_option,989,,,,,,,,,,,,Color,Black / Light Grey,RADIOBUTTONS,TRUE,,,,,
product_option,989,,,,,,,,,,,,Color,Black / Navy,RADIOBUTTONS,TRUE,,,,,
product_option,989,,,,,,,,,,,,Color,Black / Red,RADIOBUTTONS,TRUE,,,,,
product_variation,989,13.44,,,,,,,,KI0412_42142_37755,Black,One Size,,,,,,,,,
product_variation,989,13.44,,,,,,,,KI0412_37758_37755,Black / Light Grey,,,,,,,,,,
product_variation,989,13.44,,,,,,,,KI0412_37757_37755,Black / Navy,,,,,,,,,,
product_variation,989,13.44,,,,,,,,KI0412_37756_37755,Black / Red,,,,,,,,,,
product,990,6.66,Documententas,Documententas van 600D polyester. Afneembare en verstelbare schouderband.,https://media.europeancatalog.com/ws.php?act=download&mamfileid=207674&token=fEP6GP8lqVnvHdxFnIg93eaQ3FTQOo,Kimood,Tassen,Tas,https://media.europeancatalog.com/ws.php?act=download&mamfileid=207674&token=fEP6GP8lqVnvHdxFnIg93eaQ3FTQOo,,,,,,,,https://media.europeancatalog.com/ws.php?act=download&mamfileid=67736&token=fEP6GP8lqVnvHdxFnIg93eaQ3FTQOo,,,,
product_option,990,,,,,,,,,,,,Color,Black,RADIOBUTTONS,TRUE,,,,,
product_option,990,,,,,,,,,,,,Size,One Size,RADIOBUTTONS,TRUE,,,,,
product_option,990,,,,,,,,,,,,Color,Black / Royal Blue,RADIOBUTTONS,TRUE,,,,,
product_option,990,,,,,,,,,,,,Color,Dark Grey / Light Grey,RADIOBUTTONS,TRUE,,,,,
product_option,990,,,,,,,,,,,,Color,Navy / Corde,RADIOBUTTONS,TRUE,,,,,
product_variation,990,6.66,,,,,,,,KI0413_37761_37759,Black,One Size,,,,,,,,,
product_variation,990,6.66,,,,,,,,KI0413_37762_37759,Black / Royal Blue,,,,,,,,,,
product_variation,990,6.66,,,,,,,,KI0413_48611_37759,Dark Grey / Light Grey,,,,,,,,,,
product_variation,990,6.66,,,,,,,,KI0413_37760_37759,Navy / Corde,,,,,,,,,,
product,991,5.26,Foliotas,Foliotas van 600D polyester. Overslag met gespsluiting. Draaghengsel.,https://media.europeancatalog.com/ws.php?act=download&mamfileid=216657&token=fEP6GP8lqVnvHdxFnIg93eaQ3FTQOo,Kimood,Tassen,Tas,https://media.europeancatalog.com/ws.php?act=download&mamfileid=216657&token=fEP6GP8lqVnvHdxFnIg93eaQ3FTQOo,,,,,,,,,,,,
product_option,991,,,,,,,,,,,,Color,Black,RADIOBUTTONS,TRUE,,,,,
product_option,991,,,,,,,,,,,,Size,One Size,RADIOBUTTONS,TRUE,,,,,
product_option,991,,,,,,,,,,,,Color,Orange,RADIOBUTTONS,TRUE,,,,,
product_option,991,,,,,,,,,,,,Color,Red,RADIOBUTTONS,TRUE,,,,,
product_option,991,,,,,,,,,,,,Color,Royal Blue,RADIOBUTTONS,TRUE,,,,,
product_variation,991,5.26,,,,,,,,KI0414_37764_37763,Black,One Size,,,,,,,,,
product_variation,991,5.26,,,,,,,,KI0414_42076_37763,Orange,,,,,,,,,,
product_variation,991,5.26,,,,,,,,KI0414_37765_37763,Red,,,,,,,,,,
product_variation,991,5.26,,,,,,,,KI0414_37767_37763,Royal Blue,,,,,,,,,,
product,992,17.34,Aktetas/laptoptas,"Tas voor documenten/laptop, van polyester 600D. Gewatteerd vak voor een computer van max. 13, ritszak aan de voorkant, hengsels van PU in een contrasterende kleur. Afneembare schouderriem.",https://media.europeancatalog.com/ws.php?act=download&mamfileid=67761&token=fEP6GP8lqVnvHdxFnIg93eaQ3FTQOo,Kimood,Tassen,Tas,https://media.europeancatalog.com/ws.php?act=download&mamfileid=67761&token=fEP6GP8lqVnvHdxFnIg93eaQ3FTQOo,,,,,,,,https://media.europeancatalog.com/ws.php?act=download&mamfileid=67760&token=fEP6GP8lqVnvHdxFnIg93eaQ3FTQOo,https://media.europeancatalog.com/ws.php?act=download&mamfileid=67762&token=fEP6GP8lqVnvHdxFnIg93eaQ3FTQOo,,,
product_option,992,,,,,,,,,,,,Color,Dark Grey,RADIOBUTTONS,TRUE,,,,,
product_option,992,,,,,,,,,,,,Size,One Size,RADIOBUTTONS,TRUE,,,,,
product_option,992,,,,,,,,,,,,Color,Graphite Grey Heather,RADIOBUTTONS,TRUE,,,,,
product_variation,992,17.34,,,,,,,,KI0426_54106_54105,Dark Grey,One Size,,,,,,,,,
product_variation,992,17.34,,,,,,,,KI0426_55740_54105,Graphite Grey Heather,,,,,,,,,,
product,993,30.96,Laptoptas,"Laptoptas van polyester, contrasterende bodem van 600D polyester. Gewatteerd vak voor een computer met een scherm van max. 15 inch en gewatteerde ritszak voor een tablet. 2 binnenzakken, 1 ritszak bovenaan de zak voor een gsm, 1 zak aan de voorkant met contrasterende klep en drukknopen. Lus op de achterkant om een trolley aan te bevestigen, afneembare schouderriem.",https://media.europeancatalog.com/ws.php?act=download&mamfileid=210526&token=fEP6GP8lqVnvHdxFnIg93eaQ3FTQOo,Kimood,Tassen,Tas,https://media.europeancatalog.com/ws.php?act=download&mamfileid=210526&token=fEP6GP8lqVnvHdxFnIg93eaQ3FTQOo,,,,,,,,https://media.europeancatalog.com/ws.php?act=download&mamfileid=210525&token=fEP6GP8lqVnvHdxFnIg93eaQ3FTQOo,https://media.europeancatalog.com/ws.php?act=download&mamfileid=210524&token=fEP6GP8lqVnvHdxFnIg93eaQ3FTQOo,https://media.europeancatalog.com/ws.php?act=download&mamfileid=67764&token=fEP6GP8lqVnvHdxFnIg93eaQ3FTQOo,https://media.europeancatalog.com/ws.php?act=download&mamfileid=67763&token=fEP6GP8lqVnvHdxFnIg93eaQ3FTQOo,
product_option,993,,,,,,,,,,,,Color,Black,RADIOBUTTONS,TRUE,,,,,
product_option,993,,,,,,,,,,,,Size,One Size,RADIOBUTTONS,TRUE,,,,,
product_option,993,,,,,,,,,,,,Color,Grey Twill / Black,RADIOBUTTONS,TRUE,,,,,
product_variation,993,30.96,,,,,,,,KI0427_55285_55284,Black,One Size,,,,,,,,,
product_variation,993,30.96,,,,,,,,KI0427_55286_55284,Grey Twill / Black,,,,,,,,,,
product,994,36.04,Laptoptas businessman,"Laptoptas van 600D polyester. Bodem, hengsels en klep van polyurethaan. Gewatteerd vak voor een computer met een scherm van max. 15 inch en gewatteerde ritszak voor een tablet. 2 binnenzakken, 1 ritszak bovenaan de zak voor een gsm, 1 zak aan de voorkant met klep en drukknopen. Lus op de achterkant om een trolley aan te bevestigen, afneembare schouderriem.",https://media.europeancatalog.com/ws.php?act=download&mamfileid=67768&token=fEP6GP8lqVnvHdxFnIg93eaQ3FTQOo,Kimood,Tassen,Tas,https://media.europeancatalog.com/ws.php?act=download&mamfileid=67768&token=fEP6GP8lqVnvHdxFnIg93eaQ3FTQOo,,,,,,,,,,,,
product_option,994,,,,,,,,,,,,Color,Graphite Blue Heather,RADIOBUTTONS,TRUE,,,,,
product_option,994,,,,,,,,,,,,Size,One Size,RADIOBUTTONS,TRUE,,,,,
product_option,994,,,,,,,,,,,,Color,Graphite Grey Heather,RADIOBUTTONS,TRUE,,,,,
product_variation,994,36.04,,,,,,,,KI0429_55840_55839,Graphite Blue Heather,One Size,,,,,,,,,
product_variation,994,36.04,,,,,,,,KI0429_55841_55839,Graphite Grey Heather,,,,,,,,,,
product,995,15,Koeltas van katoen,100% katoen. Koeltas met canvaskatoen op de buitenbekleding. Buitenzak voor eenvoudige personalisatie.Katoenen hengsels. Ritssluiting.,https://media.europeancatalog.com/ws.php?act=download&mamfileid=210527&token=fEP6GP8lqVnvHdxFnIg93eaQ3FTQOo,Kimood,Tassen,Tas,https://media.europeancatalog.com/ws.php?act=download&mamfileid=210527&token=fEP6GP8lqVnvHdxFnIg93eaQ3FTQOo,,,,,,,,https://media.europeancatalog.com/ws.php?act=download&mamfileid=210530&token=fEP6GP8lqVnvHdxFnIg93eaQ3FTQOo,https://media.europeancatalog.com/ws.php?act=download&mamfileid=210528&token=fEP6GP8lqVnvHdxFnIg93eaQ3FTQOo,https://media.europeancatalog.com/ws.php?act=download&mamfileid=210529&token=fEP6GP8lqVnvHdxFnIg93eaQ3FTQOo,,
product_option,995,,,,,,,,,,,,Color,Black,RADIOBUTTONS,TRUE,,,,,
product_option,995,,,,,,,,,,,,Size,One Size,RADIOBUTTONS,TRUE,,,,,
product_option,995,,,,,,,,,,,,Color,Natural,RADIOBUTTONS,TRUE,,,,,
product_option,995,,,,,,,,,,,,Color,Whale Blue,RADIOBUTTONS,TRUE,,,,,
product_variation,995,15,,,,,,,,KI0369_76946_64246,Black,One Size,,,,,,,,,
product_variation,995,12.16,,,,,,,,KI0369N_76947_76945,Natural,,,,,,,,,,
product_variation,995,15,,,,,,,,KI0369_64247_64246,Whale Blue,,,,,,,,,,
product,996,2.22,Opberghoes om bagage te organiseren - Klein formaat,100 % polyester. Opberghoes van Polyester 190 TPU Ripstop om bagage te organiseren. Ideaal voor ondergoed en accessoires.Bovenkant van mesh. Kan worden opgevouwen en opgeborgen in een handig zakje. Ring om te bevestigen aan ieder type van sluithaak. Klein formaat.,https://media.europeancatalog.com/ws.php?act=download&mamfileid=158808&token=fEP6GP8lqVnvHdxFnIg93eaQ3FTQOo,Kimood,Tassen,Accessoires voor tassen,https://media.europeancatalog.com/ws.php?act=download&mamfileid=158808&token=fEP6GP8lqVnvHdxFnIg93eaQ3FTQOo,,,,,,,,https://media.europeancatalog.com/ws.php?act=download&mamfileid=210481&token=fEP6GP8lqVnvHdxFnIg93eaQ3FTQOo,,,,
product_option,996,,,,,,,,,,,,Color,Black,RADIOBUTTONS,TRUE,,,,,
product_option,996,,,,,,,,,,,,Size,S,RADIOBUTTONS,TRUE,,,,,
product_variation,996,2.22,,,,,,,,KI0361_62869_62868,Black,S,,,,,,,,,
product,997,2.6,Opberghoes om bagage te organiseren - Medium formaat,"100 % polyester. Opberghoes van Polyester 190TPU Ripstop om bagage te organiseren. Ideaal voor overhemden, sweaters en T-shirts.Bovenkant van mesh. Kan worden opgevouwen en opgeborgen in een handig zakje. Ring om te bevestigen aan ieder type van sluithaak. Medium formaat.",https://media.europeancatalog.com/ws.php?act=download&mamfileid=158806&token=fEP6GP8lqVnvHdxFnIg93eaQ3FTQOo,Kimood,Tassen,Accessoires voor tassen,https://media.europeancatalog.com/ws.php?act=download&mamfileid=158806&token=fEP6GP8lqVnvHdxFnIg93eaQ3FTQOo,,,,,,,,https://media.europeancatalog.com/ws.php?act=download&mamfileid=210480&token=fEP6GP8lqVnvHdxFnIg93eaQ3FTQOo,,,,
product_option,997,,,,,,,,,,,,Color,Black,RADIOBUTTONS,TRUE,,,,,
product_option,997,,,,,,,,,,,,Size,M,RADIOBUTTONS,TRUE,,,,,
product_variation,997,2.6,,,,,,,,KI0362_62871_62870,Black,M,,,,,,,,,
product,998,3.82,Opberghoes om bagage te organiseren - Groot formaat,"100 % polyester. Opberghoes van Polyester 190TPU Ripstop om bagage te organiseren. Ideaal voor overhemden, sweaters en T-shirts.Bovenkant van mesh. Kan worden opgevouwen en opgeborgen in een handig tasje. Ring om te bevestigen aan ieder type van sluithaak. Groot formaat.",https://media.europeancatalog.com/ws.php?act=download&mamfileid=158807&token=fEP6GP8lqVnvHdxFnIg93eaQ3FTQOo,Kimood,Tassen,Accessoires voor tassen,https://media.europeancatalog.com/ws.php?act=download&mamfileid=158807&token=fEP6GP8lqVnvHdxFnIg93eaQ3FTQOo,,,,,,,,https://media.europeancatalog.com/ws.php?act=download&mamfileid=210479&token=fEP6GP8lqVnvHdxFnIg93eaQ3FTQOo,,,,
product_option,998,,,,,,,,,,,,Color,Black,RADIOBUTTONS,TRUE,,,,,
product_option,998,,,,,,,,,,,,Size,L,RADIOBUTTONS,TRUE,,,,,
product_variation,998,3.82,,,,,,,,KI0363_62873_62872,Black,L,,,,,,,,,
product,999,3.4,Handtas met moderne sluiting in een contrasterende kleur,"100 % polyester. Handtas van 600D polyester met een ritssluiting met grote tanden in een contrasterende kleur, voor een moderne look.Een groot vak. Tailleband met aanpasbare gesp.",https://media.europeancatalog.com/ws.php?act=download&mamfileid=210534&token=fEP6GP8lqVnvHdxFnIg93eaQ3FTQOo,Kimood,Tassen,Tas,https://media.europeancatalog.com/ws.php?act=download&mamfileid=210534&token=fEP6GP8lqVnvHdxFnIg93eaQ3FTQOo,,,,,,,,https://media.europeancatalog.com/ws.php?act=download&mamfileid=210537&token=fEP6GP8lqVnvHdxFnIg93eaQ3FTQOo,https://media.europeancatalog.com/ws.php?act=download&mamfileid=210535&token=fEP6GP8lqVnvHdxFnIg93eaQ3FTQOo,https://media.europeancatalog.com/ws.php?act=download&mamfileid=210536&token=fEP6GP8lqVnvHdxFnIg93eaQ3FTQOo,,
product_option,999,,,,,,,,,,,,Color,Black / White,RADIOBUTTONS,TRUE,,,,,
product_option,999,,,,,,,,,,,,Size,One Size,RADIOBUTTONS,TRUE,,,,,
product_option,999,,,,,,,,,,,,Color,Dark Grey Heather / Black,RADIOBUTTONS,TRUE,,,,,
product_option,999,,,,,,,,,,,,Color,Royal Blue / Red,RADIOBUTTONS,TRUE,,,,,
product_variation,999,3.4,,,,,,,,KI0365_62882_62881,Black / White,One Size,,,,,,,,,
product_variation,999,3.4,,,,,,,,KI0365_62883_62881,Dark Grey Heather / Black,,,,,,,,,,
product_variation,999,3.4,,,,,,,,KI0365_62884_62881,Royal Blue / Red,,,,,,,,,,
product,1000,14,Sportieve handtas met fleshouder,"88 % Polyamide / 12% elasthan. Handtas van polyester en elasthan. Drinkbushouder met een max. inhoud van 750 ml, met een elastiek om ze op haar plaats te houden. Elastische buikriem die aan de zijkant aanpasbaar is. Ademende achterzijde. Zak vooraan met een ritssluiting en een lus voor een headset. Geschikt voor alle sportactiviteiten, van running tot trail, van mountainbiken tot nordic walking of langlaufen.",https://media.europeancatalog.com/ws.php?act=download&mamfileid=168931&token=fEP6GP8lqVnvHdxFnIg93eaQ3FTQOo,Kimood,Tassen,Tas,https://media.europeancatalog.com/ws.php?act=download&mamfileid=168931&token=fEP6GP8lqVnvHdxFnIg93eaQ3FTQOo,,,,,,,,https://media.europeancatalog.com/ws.php?act=download&mamfileid=210532&token=fEP6GP8lqVnvHdxFnIg93eaQ3FTQOo,https://media.europeancatalog.com/ws.php?act=download&mamfileid=210533&token=fEP6GP8lqVnvHdxFnIg93eaQ3FTQOo,,,
product_option,1000,,,,,,,,,,,,Color,Black,RADIOBUTTONS,TRUE,,,,,
product_option,1000,,,,,,,,,,,,Size,One Size,RADIOBUTTONS,TRUE,,,,,
product_variation,1000,14,,,,,,,,KI0367_62886_62885,Black,One Size,,,,,,,,,